unique_id,ds,y
0,10/09/2007,325
0,10/10/2007,417
0,10/11/2007,556
0,10/12/2007,467
0,10/13/2007,430
0,10/14/2007,434
0,10/15/2007,434
0,10/16/2007,416
0,10/17/2007,465
0,10/18/2007,575
0,10/19/2007,432
0,10/20/2007,474
0,10/21/2007,436
0,10/22/2007,364
0,10/23/2007,359
0,10/24/2007,411
0,10/25/2007,490
0,10/26/2007,408
0,10/27/2007,379
0,10/28/2007,398
0,10/29/2007,410
0,10/30/2007,374
0,10/31/2007,401
0,11/01/2007,484
0,11/02/2007,445
0,11/03/2007,405
0,11/04/2007,396
0,11/05/2007,386
0,11/06/2007,468
0,11/07/2007,459
0,11/08/2007,506
0,11/09/2007,462
0,11/10/2007,404
0,11/11/2007,386
0,11/12/2007,365
0,11/13/2007,376
0,11/14/2007,454
0,11/15/2007,556
0,11/16/2007,419
0,11/17/2007,381
0,11/18/2007,386
0,11/19/2007,378
0,11/20/2007,374
0,11/21/2007,406
0,11/22/2007,495
0,11/23/2007,408
0,11/24/2007,376
0,11/25/2007,405
0,11/26/2007,388
0,11/27/2007,413
0,11/28/2007,426
0,11/29/2007,507
0,11/30/2007,528
0,12/01/2007,441
0,12/02/2007,378
0,12/03/2007,407
0,12/04/2007,403
0,12/05/2007,437
0,12/06/2007,552
0,12/07/2007,485
0,12/08/2007,436
0,12/09/2007,390
0,12/10/2007,434
0,12/11/2007,448
0,12/12/2007,464
0,12/13/2007,554
0,12/14/2007,462
0,12/15/2007,467
0,12/16/2007,441
0,12/17/2007,457
0,12/18/2007,422
0,12/19/2007,419
0,12/20/2007,524
0,12/21/2007,432
0,12/22/2007,453
0,12/23/2007,401
0,12/24/2007,455
0,12/25/2007,453
0,12/26/2007,453
0,12/27/2007,536
0,12/28/2007,480
0,12/29/2007,447
0,12/30/2007,445
0,12/31/2007,452
0,01/01/2008,452
0,01/02/2008,513
0,01/03/2008,569
0,01/04/2008,420
0,01/05/2008,406
0,01/06/2008,408
0,01/07/2008,382
0,01/08/2008,415
0,01/09/2008,463
0,01/10/2008,607
0,01/11/2008,502
0,01/12/2008,435
0,01/13/2008,397
0,01/14/2008,380
0,01/15/2008,405
0,01/16/2008,457
0,01/17/2008,521
0,01/18/2008,454
0,01/19/2008,428
0,01/20/2008,403
0,01/21/2008,385
0,01/22/2008,440
0,01/23/2008,437
0,01/24/2008,494
0,01/25/2008,424
0,01/26/2008,448
0,01/27/2008,469
0,01/28/2008,572
0,01/29/2008,710
0,01/30/2008,716
0,01/31/2008,626
0,02/01/2008,542
0,02/02/2008,417
0,02/03/2008,407
0,02/04/2008,380
0,02/05/2008,463
0,02/06/2008,478
0,02/07/2008,574
0,02/08/2008,504
0,02/09/2008,427
0,02/10/2008,473
0,02/11/2008,438
0,02/12/2008,470
0,02/13/2008,470
0,02/14/2008,546
0,02/15/2008,483
0,02/16/2008,447
0,02/17/2008,404
0,02/18/2008,407
0,02/19/2008,458
0,02/20/2008,460
0,02/21/2008,564
0,02/22/2008,532
0,02/23/2008,466
0,02/24/2008,492
0,02/25/2008,487
0,02/26/2008,492
0,02/27/2008,512
0,02/28/2008,611
0,02/29/2008,550
0,03/01/2008,475
0,03/02/2008,478
0,03/03/2008,455
0,03/04/2008,494
0,03/05/2008,498
0,03/06/2008,572
0,03/07/2008,529
0,03/08/2008,420
0,03/09/2008,467
0,03/10/2008,512
0,03/11/2008,437
0,03/12/2008,484
0,03/13/2008,547
0,03/14/2008,521
0,03/15/2008,490
0,03/16/2008,499
0,03/17/2008,424
0,03/18/2008,477
0,03/19/2008,486
0,03/20/2008,582
0,03/21/2008,426
0,03/22/2008,406
0,03/23/2008,420
0,03/24/2008,417
0,03/25/2008,429
0,03/26/2008,470
0,03/27/2008,618
0,03/28/2008,468
0,03/29/2008,456
0,03/30/2008,455
0,03/31/2008,457
0,04/01/2008,492
0,04/02/2008,496
0,04/03/2008,552
0,04/04/2008,512
0,04/05/2008,491
0,04/06/2008,473
0,04/07/2008,418
0,04/08/2008,466
0,04/09/2008,452
0,04/10/2008,568
0,04/11/2008,467
0,04/12/2008,443
0,04/13/2008,428
0,04/14/2008,435
0,04/15/2008,425
0,04/16/2008,466
0,04/17/2008,521
0,04/18/2008,492
0,04/19/2008,419
0,04/20/2008,423
0,04/21/2008,439
0,04/22/2008,465
0,04/23/2008,483
0,04/24/2008,572
0,04/25/2008,416
0,04/26/2008,385
0,04/27/2008,399
0,04/28/2008,436
0,04/29/2008,452
0,04/30/2008,482
0,05/01/2008,543
0,05/02/2008,477
0,05/03/2008,489
0,05/04/2008,392
0,05/05/2008,462
0,05/06/2008,478
0,05/07/2008,463
0,05/08/2008,572
0,05/09/2008,502
0,05/10/2008,432
0,05/11/2008,432
0,05/12/2008,440
0,05/13/2008,491
0,05/14/2008,476
0,05/15/2008,512
0,05/16/2008,493
0,05/17/2008,460
0,05/18/2008,511
0,05/19/2008,453
0,05/20/2008,455
0,05/21/2008,471
0,05/22/2008,534
0,05/23/2008,516
0,05/24/2008,423
0,05/25/2008,415
0,05/26/2008,484
0,05/27/2008,485
0,05/28/2008,461
0,05/29/2008,592
0,05/30/2008,498
0,05/31/2008,544
0,06/01/2008,497
0,06/02/2008,511
0,06/03/2008,504
0,06/04/2008,491
0,06/05/2008,590
0,06/06/2008,510
0,06/07/2008,458
0,06/08/2008,485
0,06/09/2008,447
0,06/10/2008,509
0,06/11/2008,555
0,06/12/2008,664
0,06/13/2008,530
0,06/14/2008,485
0,06/15/2008,461
0,06/16/2008,484
0,06/17/2008,509
0,06/18/2008,575
0,06/19/2008,630
0,06/20/2008,547
0,06/21/2008,449
0,06/22/2008,492
0,06/23/2008,511
0,06/24/2008,503
0,06/25/2008,498
0,06/26/2008,612
0,06/27/2008,487
0,06/28/2008,481
0,06/29/2008,431
0,06/30/2008,429
0,07/01/2008,488
0,07/02/2008,465
0,07/03/2008,550
0,07/04/2008,469
0,07/05/2008,485
0,07/06/2008,457
0,07/07/2008,439
0,07/08/2008,399
0,07/09/2008,514
0,07/10/2008,580
0,07/11/2008,486
0,07/12/2008,472
0,07/13/2008,452
0,07/14/2008,448
0,07/15/2008,434
0,07/16/2008,471
0,07/17/2008,583
0,07/18/2008,456
0,07/19/2008,479
0,07/20/2008,457
0,07/21/2008,420
0,07/22/2008,435
0,07/23/2008,481
0,07/24/2008,508
0,07/25/2008,538
0,07/26/2008,432
0,07/27/2008,413
0,07/28/2008,399
0,07/29/2008,438
0,07/30/2008,462
0,07/31/2008,514
0,08/01/2008,494
0,08/02/2008,413
0,08/03/2008,422
0,08/04/2008,399
0,08/05/2008,419
0,08/06/2008,473
0,08/07/2008,519
0,08/08/2008,484
0,08/09/2008,424
0,08/10/2008,399
0,08/11/2008,416
0,08/12/2008,416
0,08/13/2008,460
0,08/14/2008,517
0,08/15/2008,450
0,08/16/2008,385
0,08/17/2008,411
0,08/18/2008,379
0,08/19/2008,387
0,08/20/2008,474
0,08/21/2008,517
0,08/22/2008,457
0,08/23/2008,388
0,08/24/2008,383
0,08/25/2008,436
0,08/26/2008,454
0,08/27/2008,448
0,08/28/2008,529
0,08/29/2008,451
0,08/30/2008,410
0,08/31/2008,391
0,09/01/2008,406
0,09/02/2008,412
0,09/03/2008,402
0,09/04/2008,486
0,09/05/2008,450
0,09/06/2008,450
0,09/07/2008,443
0,09/08/2008,405
0,09/09/2008,431
0,09/10/2008,460
0,09/11/2008,556
0,09/12/2008,513
0,09/13/2008,406
0,09/14/2008,471
0,09/15/2008,454
0,09/16/2008,443
0,09/17/2008,454
0,09/18/2008,501
0,09/19/2008,486
0,09/20/2008,431
0,09/21/2008,401
0,09/22/2008,425
0,09/23/2008,415
0,09/24/2008,426
0,09/25/2008,602
0,09/26/2008,448
0,09/27/2008,375
0,09/28/2008,444
0,09/29/2008,432
0,09/30/2008,498
0,10/01/2008,443
0,10/02/2008,550
0,10/03/2008,448
0,10/04/2008,437
0,10/05/2008,432
0,10/06/2008,411
0,10/07/2008,404
0,10/08/2008,489
0,10/09/2008,516
0,10/10/2008,471
0,10/11/2008,448
0,10/12/2008,429
0,10/13/2008,392
0,10/14/2008,456
0,10/15/2008,472
0,10/16/2008,527
0,10/17/2008,429
0,10/18/2008,446
0,10/19/2008,414
0,10/20/2008,403
0,10/21/2008,417
0,10/22/2008,465
0,10/23/2008,511
0,10/24/2008,453
0,10/25/2008,412
0,10/26/2008,445
0,10/27/2008,443
0,10/28/2008,394
0,10/29/2008,462
0,10/30/2008,449
0,10/31/2008,443
0,11/01/2008,387
0,11/02/2008,393
0,11/03/2008,383
0,11/04/2008,424
0,11/05/2008,421
0,11/06/2008,511
0,11/07/2008,402
0,11/08/2008,396
0,11/09/2008,369
0,11/10/2008,356
0,11/11/2008,425
0,11/12/2008,435
0,11/13/2008,498
0,11/14/2008,463
0,11/15/2008,384
0,11/16/2008,401
0,11/17/2008,377
0,11/18/2008,376
0,11/19/2008,407
0,11/20/2008,465
0,11/21/2008,426
0,11/22/2008,375
0,11/23/2008,399
0,11/24/2008,404
0,11/25/2008,400
0,11/26/2008,391
0,11/27/2008,456
0,11/28/2008,451
0,11/29/2008,393
0,11/30/2008,414
0,12/01/2008,398
0,12/02/2008,422
0,12/03/2008,442
0,12/04/2008,460
0,12/05/2008,433
0,12/06/2008,411
0,12/07/2008,400
0,12/08/2008,399
0,12/09/2008,437
0,12/10/2008,433
0,12/11/2008,498
0,12/12/2008,430
0,12/13/2008,378
0,12/14/2008,383
0,12/15/2008,383
0,12/16/2008,390
0,12/17/2008,430
0,12/18/2008,535
0,12/19/2008,464
0,12/20/2008,393
0,12/21/2008,403
0,12/22/2008,429
0,12/23/2008,439
0,12/24/2008,431
0,12/25/2008,508
0,12/26/2008,464
0,12/27/2008,355
0,12/28/2008,385
0,12/29/2008,439
0,12/30/2008,381
0,12/31/2008,436
0,01/01/2009,494
0,01/02/2009,460
0,01/03/2009,414
0,01/04/2009,391
0,01/05/2009,418
0,01/06/2009,428
0,01/07/2009,503
0,01/08/2009,578
0,01/09/2009,514
0,01/10/2009,516
0,01/11/2009,547
0,01/12/2009,486
0,01/13/2009,442
0,01/14/2009,475
0,01/15/2009,649
0,01/16/2009,807
0,01/17/2009,794
0,01/18/2009,841
0,01/19/2009,740
0,01/20/2009,557
0,01/21/2009,593
0,01/22/2009,634
0,01/23/2009,573
0,01/24/2009,495
0,01/25/2009,477
0,01/26/2009,472
0,01/27/2009,455
0,01/28/2009,470
0,01/29/2009,579
0,01/30/2009,409
0,01/31/2009,434
0,02/01/2009,433
0,02/02/2009,481
0,02/03/2009,461
0,02/04/2009,485
0,02/05/2009,597
0,02/06/2009,448
0,02/07/2009,370
0,02/08/2009,398
0,02/09/2009,390
0,02/10/2009,366
0,02/11/2009,422
0,02/12/2009,491
0,02/13/2009,388
0,02/14/2009,377
0,02/15/2009,403
0,02/16/2009,366
0,02/17/2009,375
0,02/18/2009,457
0,02/19/2009,462
0,02/20/2009,402
0,02/21/2009,402
0,02/22/2009,375
0,02/23/2009,358
0,02/24/2009,377
0,02/25/2009,358
0,02/26/2009,469
0,02/27/2009,393
0,02/28/2009,396
0,03/01/2009,371
0,03/02/2009,367
0,03/03/2009,415
0,03/04/2009,389
0,03/05/2009,504
0,03/06/2009,383
0,03/07/2009,383
0,03/08/2009,386
0,03/09/2009,363
0,03/10/2009,387
0,03/11/2009,462
0,03/12/2009,526
0,03/13/2009,400
0,03/14/2009,390
0,03/15/2009,360
0,03/16/2009,398
0,03/17/2009,406
0,03/18/2009,434
0,03/19/2009,505
0,03/20/2009,455
0,03/21/2009,379
0,03/22/2009,410
0,03/23/2009,339
0,03/24/2009,402
0,03/25/2009,470
0,03/26/2009,514
0,03/27/2009,390
0,03/28/2009,406
0,03/29/2009,395
0,03/30/2009,409
0,03/31/2009,439
0,04/01/2009,461
0,04/02/2009,532
0,04/03/2009,462
0,04/04/2009,402
0,04/05/2009,414
0,04/06/2009,418
0,04/07/2009,385
0,04/08/2009,463
0,04/09/2009,485
0,04/10/2009,437
0,04/11/2009,396
0,04/12/2009,349
0,04/13/2009,391
0,04/14/2009,428
0,04/15/2009,445
0,04/16/2009,445
0,04/17/2009,429
0,04/18/2009,381
0,04/19/2009,411
0,04/20/2009,435
0,04/21/2009,416
0,04/22/2009,447
0,04/23/2009,536
0,04/24/2009,438
0,04/25/2009,405
0,04/26/2009,382
0,04/27/2009,437
0,04/28/2009,407
0,04/29/2009,453
0,04/30/2009,531
0,05/01/2009,477
0,05/02/2009,432
0,05/03/2009,388
0,05/04/2009,409
0,05/05/2009,446
0,05/06/2009,428
0,05/07/2009,576
0,05/08/2009,471
0,05/09/2009,401
0,05/10/2009,409
0,05/11/2009,434
0,05/12/2009,469
0,05/13/2009,476
0,05/14/2009,513
0,05/15/2009,453
0,05/16/2009,407
0,05/17/2009,432
0,05/18/2009,438
0,05/19/2009,454
0,05/20/2009,440
0,05/21/2009,501
0,05/22/2009,452
0,05/23/2009,389
0,05/24/2009,405
0,05/25/2009,380
0,05/26/2009,370
0,05/27/2009,447
0,05/28/2009,466
0,05/29/2009,449
0,05/30/2009,372
0,05/31/2009,416
0,06/01/2009,397
0,06/02/2009,393
0,06/03/2009,434
0,06/04/2009,487
0,06/05/2009,422
0,06/06/2009,363
0,06/07/2009,389
0,06/08/2009,421
0,06/09/2009,422
0,06/10/2009,428
0,06/11/2009,499
0,06/12/2009,451
0,06/13/2009,425
0,06/14/2009,392
0,06/15/2009,376
0,06/16/2009,376
0,06/17/2009,436
0,06/18/2009,490
0,06/19/2009,462
0,06/20/2009,385
0,06/21/2009,406
0,06/22/2009,401
0,06/23/2009,420
0,06/24/2009,428
0,06/25/2009,505
0,06/26/2009,418
0,06/27/2009,422
0,06/28/2009,404
0,06/29/2009,397
0,06/30/2009,406
0,07/01/2009,439
0,07/02/2009,514
0,07/03/2009,476
0,07/04/2009,418
0,07/05/2009,377
0,07/06/2009,416
0,07/07/2009,427
0,07/08/2009,504
0,07/09/2009,526
0,07/10/2009,448
0,07/11/2009,416
0,07/12/2009,443
0,07/13/2009,405
0,07/14/2009,387
0,07/15/2009,422
0,07/16/2009,549
0,07/17/2009,470
0,07/18/2009,447
0,07/19/2009,456
0,07/20/2009,410
0,07/21/2009,431
0,07/22/2009,451
0,07/23/2009,549
0,07/24/2009,481
0,07/25/2009,477
0,07/26/2009,456
0,07/27/2009,406
0,07/28/2009,468
0,07/29/2009,443
0,07/30/2009,554
0,07/31/2009,480
0,08/01/2009,417
0,08/02/2009,432
0,08/03/2009,431
0,08/04/2009,418
0,08/05/2009,509
0,08/06/2009,518
0,08/07/2009,421
0,08/08/2009,452
0,08/09/2009,398
0,08/10/2009,452
0,08/11/2009,474
0,08/12/2009,486
0,08/13/2009,614
0,08/14/2009,535
0,08/15/2009,496
0,08/16/2009,513
0,08/17/2009,535
0,08/18/2009,516
0,08/19/2009,608
0,08/20/2009,643
0,08/21/2009,575
0,08/22/2009,533
0,08/23/2009,541
0,08/24/2009,487
0,08/25/2009,557
0,08/26/2009,598
0,08/27/2009,689
0,08/28/2009,601
0,08/29/2009,499
0,08/30/2009,490
0,08/31/2009,528
0,09/01/2009,545
0,09/02/2009,560
0,09/03/2009,696
0,09/04/2009,530
0,09/05/2009,507
0,09/06/2009,464
0,09/07/2009,471
0,09/08/2009,526
0,09/09/2009,552
0,09/10/2009,640
0,09/11/2009,521
0,09/12/2009,484
0,09/13/2009,464
0,09/14/2009,483
0,09/15/2009,496
0,09/16/2009,512
0,09/17/2009,600
0,09/18/2009,480
0,09/19/2009,404
0,09/20/2009,440
0,09/21/2009,447
0,09/22/2009,444
0,09/23/2009,516
0,09/24/2009,651
0,09/25/2009,471
0,09/26/2009,416
0,09/27/2009,456
0,09/28/2009,434
0,09/29/2009,496
0,09/30/2009,521
0,10/01/2009,582
0,10/02/2009,465
0,10/03/2009,460
0,10/04/2009,424
0,10/05/2009,437
0,10/06/2009,481
0,10/07/2009,493
0,10/08/2009,591
0,10/09/2009,502
0,10/10/2009,461
0,10/11/2009,418
0,10/12/2009,409
0,10/13/2009,505
0,10/14/2009,472
0,10/15/2009,574
0,10/16/2009,496
0,10/17/2009,446
0,10/18/2009,474
0,10/19/2009,446
0,10/20/2009,463
0,10/21/2009,477
0,10/22/2009,580
0,10/23/2009,450
0,10/24/2009,379
0,10/25/2009,424
0,10/26/2009,471
0,10/27/2009,440
0,10/28/2009,564
0,10/29/2009,574
0,10/30/2009,513
0,10/31/2009,446
0,11/01/2009,420
0,11/02/2009,407
0,11/03/2009,436
0,11/04/2009,447
0,11/05/2009,597
0,11/06/2009,474
0,11/07/2009,407
0,11/08/2009,425
0,11/09/2009,422
0,11/10/2009,391
0,11/11/2009,443
0,11/12/2009,544
0,11/13/2009,482
0,11/14/2009,437
0,11/15/2009,449
0,11/16/2009,466
0,11/17/2009,441
0,11/18/2009,478
0,11/19/2009,565
0,11/20/2009,453
0,11/21/2009,431
0,11/22/2009,398
0,11/23/2009,392
0,11/24/2009,409
0,11/25/2009,454
0,11/26/2009,514
0,11/27/2009,411
0,11/28/2009,430
0,11/29/2009,427
0,11/30/2009,431
0,12/01/2009,357
0,12/02/2009,454
0,12/03/2009,505
0,12/04/2009,419
0,12/05/2009,386
0,12/06/2009,366
0,12/07/2009,363
0,12/08/2009,378
0,12/09/2009,403
0,12/10/2009,455
0,12/11/2009,395
0,12/12/2009,404
0,12/13/2009,417
0,12/14/2009,407
0,12/15/2009,448
0,12/16/2009,434
0,12/17/2009,512
0,12/18/2009,416
0,12/19/2009,420
0,12/20/2009,401
0,12/21/2009,396
0,12/22/2009,471
0,12/23/2009,498
0,12/24/2009,511
0,12/25/2009,468
0,12/26/2009,441
0,12/27/2009,405
0,12/28/2009,382
0,12/29/2009,444
0,12/30/2009,476
0,12/31/2009,509
0,01/01/2010,460
0,01/02/2010,408
0,01/03/2010,378
0,01/04/2010,406
0,01/05/2010,442
0,01/06/2010,477
0,01/07/2010,556
0,01/08/2010,401
0,01/09/2010,449
0,01/10/2010,426
0,01/11/2010,453
0,01/12/2010,423
0,01/13/2010,429
0,01/14/2010,501
0,01/15/2010,483
0,01/16/2010,364
0,01/17/2010,433
0,01/18/2010,426
0,01/19/2010,412
0,01/20/2010,473
0,01/21/2010,555
0,01/22/2010,442
0,01/23/2010,416
0,01/24/2010,370
0,01/25/2010,398
0,01/26/2010,393
0,01/27/2010,424
0,01/28/2010,485
0,01/29/2010,490
0,01/30/2010,441
0,01/31/2010,419
0,02/01/2010,451
0,02/02/2010,435
0,02/03/2010,476
0,02/04/2010,616
0,02/05/2010,687
0,02/06/2010,628
0,02/07/2010,539
0,02/08/2010,428
0,02/09/2010,376
0,02/10/2010,427
0,02/11/2010,530
0,02/12/2010,400
0,02/13/2010,381
0,02/14/2010,441
0,02/15/2010,395
0,02/16/2010,518
0,02/17/2010,468
0,02/18/2010,542
0,02/19/2010,466
0,02/20/2010,474
0,02/21/2010,434
0,02/22/2010,440
0,02/23/2010,464
0,02/24/2010,461
0,02/25/2010,505
0,02/26/2010,466
0,02/27/2010,371
0,02/28/2010,419
0,03/01/2010,382
0,03/02/2010,397
0,03/03/2010,460
0,03/04/2010,567
0,03/05/2010,488
0,03/06/2010,412
0,03/07/2010,374
0,03/08/2010,451
0,03/09/2010,448
0,03/10/2010,501
0,03/11/2010,549
0,03/12/2010,478
0,03/13/2010,505
0,03/14/2010,430
0,03/15/2010,379
0,03/16/2010,409
0,03/17/2010,451
0,03/18/2010,539
0,03/19/2010,449
0,03/20/2010,427
0,03/21/2010,443
0,03/22/2010,433
0,03/23/2010,420
0,03/24/2010,443
0,03/25/2010,527
0,03/26/2010,516
0,03/27/2010,439
0,03/28/2010,414
0,03/29/2010,417
0,03/30/2010,392
0,03/31/2010,509
0,04/01/2010,516
0,04/02/2010,515
0,04/03/2010,443
0,04/04/2010,462
0,04/05/2010,379
0,04/06/2010,399
0,04/07/2010,437
0,04/08/2010,511
0,04/09/2010,438
0,04/10/2010,439
0,04/11/2010,442
0,04/12/2010,451
0,04/13/2010,433
0,04/14/2010,452
0,04/15/2010,502
0,04/16/2010,484
0,04/17/2010,411
0,04/18/2010,381
0,04/19/2010,414
0,04/20/2010,455
0,04/21/2010,506
0,04/22/2010,562
0,04/23/2010,523
0,04/24/2010,482
0,04/25/2010,472
0,04/26/2010,451
0,04/27/2010,496
0,04/28/2010,457
0,04/29/2010,583
0,04/30/2010,467
0,05/01/2010,457
0,05/02/2010,472
0,05/03/2010,418
0,05/04/2010,510
0,05/05/2010,474
0,05/06/2010,528
0,05/07/2010,460
0,05/08/2010,453
0,05/09/2010,446
0,05/10/2010,507
0,05/11/2010,449
0,05/12/2010,505
0,05/13/2010,517
0,05/14/2010,477
0,05/15/2010,518
0,05/16/2010,458
0,05/17/2010,476
0,05/18/2010,445
0,05/19/2010,466
0,05/20/2010,467
0,05/21/2010,480
0,05/22/2010,419
0,05/23/2010,406
0,05/24/2010,367
0,05/25/2010,432
0,05/26/2010,446
0,05/27/2010,486
0,05/28/2010,416
0,05/29/2010,407
0,05/30/2010,425
0,05/31/2010,383
0,06/01/2010,416
0,06/02/2010,429
0,06/03/2010,467
0,06/04/2010,437
0,06/05/2010,453
0,06/06/2010,495
0,06/07/2010,444
0,06/08/2010,444
0,06/09/2010,471
0,06/10/2010,539
0,06/11/2010,514
0,06/12/2010,454
0,06/13/2010,436
0,06/14/2010,442
0,06/15/2010,440
0,06/16/2010,464
0,06/17/2010,523
0,06/18/2010,449
0,06/19/2010,458
0,06/20/2010,444
0,06/21/2010,430
0,06/22/2010,432
0,06/23/2010,519
0,06/24/2010,588
0,06/25/2010,473
0,06/26/2010,465
0,06/27/2010,459
0,06/28/2010,487
0,06/29/2010,513
0,06/30/2010,459
0,07/01/2010,584
0,07/02/2010,496
0,07/03/2010,463
0,07/04/2010,439
0,07/05/2010,470
0,07/06/2010,434
0,07/07/2010,485
0,07/08/2010,523
0,07/09/2010,470
0,07/10/2010,444
0,07/11/2010,442
0,07/12/2010,469
0,07/13/2010,478
0,07/14/2010,464
0,07/15/2010,555
0,07/16/2010,444
0,07/17/2010,422
0,07/18/2010,418
0,07/19/2010,398
0,07/20/2010,468
0,07/21/2010,475
0,07/22/2010,511
0,07/23/2010,443
0,07/24/2010,456
0,07/25/2010,419
0,07/26/2010,453
0,07/27/2010,436
0,07/28/2010,453
0,07/29/2010,526
0,07/30/2010,430
0,07/31/2010,449
0,08/01/2010,477
0,08/02/2010,408
0,08/03/2010,473
0,08/04/2010,457
0,08/05/2010,538
0,08/06/2010,513
0,08/07/2010,431
0,08/08/2010,450
0,08/09/2010,435
0,08/10/2010,427
0,08/11/2010,480
0,08/12/2010,502
0,08/13/2010,407
0,08/14/2010,482
0,08/15/2010,404
0,08/16/2010,427
0,08/17/2010,421
0,08/18/2010,461
0,08/19/2010,526
0,08/20/2010,435
0,08/21/2010,418
0,08/22/2010,423
0,08/23/2010,432
0,08/24/2010,431
0,08/25/2010,462
0,08/26/2010,563
0,08/27/2010,516
0,08/28/2010,472
0,08/29/2010,417
0,08/30/2010,448
0,08/31/2010,460
0,09/01/2010,488
0,09/02/2010,548
0,09/03/2010,477
0,09/04/2010,441
0,09/05/2010,467
0,09/06/2010,463
0,09/07/2010,465
0,09/08/2010,492
0,09/09/2010,514
0,09/10/2010,482
0,09/11/2010,485
0,09/12/2010,492
0,09/13/2010,469
0,09/14/2010,467
0,09/15/2010,491
0,09/16/2010,528
0,09/17/2010,505
0,09/18/2010,453
0,09/19/2010,413
0,09/20/2010,458
0,09/21/2010,461
0,09/22/2010,477
0,09/23/2010,517
0,09/24/2010,448
0,09/25/2010,415
0,09/26/2010,430
0,09/27/2010,446
0,09/28/2010,428
0,09/29/2010,462
0,09/30/2010,488
0,10/01/2010,466
0,10/02/2010,453
0,10/03/2010,448
0,10/04/2010,417
0,10/05/2010,418
0,10/06/2010,460
0,10/07/2010,498
0,10/08/2010,430
0,10/09/2010,385
0,10/10/2010,386
0,10/11/2010,385
0,10/12/2010,398
0,10/13/2010,434
0,10/14/2010,533
0,10/15/2010,450
0,10/16/2010,401
0,10/17/2010,336
0,10/18/2010,370
0,10/19/2010,375
0,10/20/2010,422
0,10/21/2010,461
0,10/22/2010,426
0,10/23/2010,423
0,10/24/2010,392
0,10/25/2010,437
0,10/26/2010,412
0,10/27/2010,408
0,10/28/2010,455
0,10/29/2010,413
0,10/30/2010,439
0,10/31/2010,408
0,11/01/2010,407
0,11/02/2010,405
0,11/03/2010,466
0,11/04/2010,493
0,11/05/2010,459
0,11/06/2010,427
0,11/07/2010,392
0,11/08/2010,371
0,11/09/2010,435
0,11/10/2010,411
0,11/11/2010,452
0,11/12/2010,452
0,11/13/2010,393
0,11/14/2010,399
0,11/15/2010,386
0,11/16/2010,385
0,11/17/2010,438
0,11/18/2010,506
0,11/19/2010,436
0,11/20/2010,416
0,11/21/2010,394
0,11/22/2010,386
0,11/23/2010,439
0,11/24/2010,477
0,11/25/2010,497
0,11/26/2010,444
0,11/27/2010,430
0,11/28/2010,377
0,11/29/2010,409
0,11/30/2010,397
0,12/01/2010,411
0,12/02/2010,487
0,12/03/2010,469
0,12/04/2010,413
0,12/05/2010,366
0,12/06/2010,343
0,12/07/2010,366
0,12/08/2010,474
0,12/09/2010,488
0,12/10/2010,461
0,12/11/2010,429
0,12/12/2010,437
0,12/13/2010,414
0,12/14/2010,427
0,12/15/2010,437
0,12/16/2010,500
0,12/17/2010,442
0,12/18/2010,434
0,12/19/2010,465
0,12/20/2010,476
0,12/21/2010,438
0,12/22/2010,515
0,12/23/2010,559
0,12/24/2010,460
0,12/25/2010,416
0,12/26/2010,482
0,12/27/2010,474
0,12/28/2010,421
0,12/29/2010,469
0,12/30/2010,536
0,12/31/2010,484
0,01/01/2011,408
0,01/02/2011,446
0,01/03/2011,475
0,01/04/2011,498
0,01/05/2011,511
0,01/06/2011,597
0,01/07/2011,493
0,01/08/2011,496
0,01/09/2011,538
0,01/10/2011,497
0,01/11/2011,494
0,01/12/2011,552
0,01/13/2011,599
0,01/14/2011,533
0,01/15/2011,508
0,01/16/2011,534
0,01/17/2011,529
0,01/18/2011,516
0,01/19/2011,609
0,01/20/2011,589
0,01/21/2011,575
0,01/22/2011,515
0,01/23/2011,605
0,01/24/2011,788
0,01/25/2011,902
0,01/26/2011,864
0,01/27/2011,843
0,01/28/2011,624
0,01/29/2011,525
0,01/30/2011,561
0,01/31/2011,537
0,02/01/2011,520
0,02/02/2011,545
0,02/03/2011,636
0,02/04/2011,493
0,02/05/2011,470
0,02/06/2011,496
0,02/07/2011,453
0,02/08/2011,480
0,02/09/2011,477
0,02/10/2011,567
0,02/11/2011,482
0,02/12/2011,489
0,02/13/2011,498
0,02/14/2011,429
0,02/15/2011,503
0,02/16/2011,521
0,02/17/2011,570
0,02/18/2011,611
0,02/19/2011,515
0,02/20/2011,487
0,02/21/2011,421
0,02/22/2011,448
0,02/23/2011,472
0,02/24/2011,580
0,02/25/2011,474
0,02/26/2011,425
0,02/27/2011,448
0,02/28/2011,444
0,03/01/2011,421
0,03/02/2011,499
0,03/03/2011,553
0,03/04/2011,515
0,03/05/2011,465
0,03/06/2011,438
0,03/07/2011,426
0,03/08/2011,444
0,03/09/2011,475
0,03/10/2011,550
0,03/11/2011,541
0,03/12/2011,450
0,03/13/2011,469
0,03/14/2011,414
0,03/15/2011,430
0,03/16/2011,447
0,03/17/2011,492
0,03/18/2011,473
0,03/19/2011,454
0,03/20/2011,393
0,03/21/2011,435
0,03/22/2011,473
0,03/23/2011,524
0,03/24/2011,544
0,03/25/2011,559
0,03/26/2011,503
0,03/27/2011,504
0,03/28/2011,480
0,03/29/2011,501
0,03/30/2011,509
0,03/31/2011,533
0,04/01/2011,499
0,04/02/2011,443
0,04/03/2011,494
0,04/04/2011,405
0,04/05/2011,463
0,04/06/2011,535
0,04/07/2011,482
0,04/08/2011,495
0,04/09/2011,456
0,04/10/2011,446
0,04/11/2011,406
0,04/12/2011,473
0,04/13/2011,436
0,04/14/2011,494
0,04/15/2011,487
0,04/16/2011,452
0,04/17/2011,430
0,04/18/2011,415
0,04/19/2011,424
0,04/20/2011,455
0,04/21/2011,522
0,04/22/2011,461
0,04/23/2011,444
0,04/24/2011,414
0,04/25/2011,408
0,04/26/2011,452
0,04/27/2011,469
0,04/28/2011,530
0,04/29/2011,494
0,04/30/2011,464
0,05/01/2011,463
0,05/02/2011,480
0,05/03/2011,448
0,05/04/2011,495
0,05/05/2011,471
0,05/06/2011,434
0,05/07/2011,390
0,05/08/2011,413
0,05/09/2011,439
0,05/10/2011,479
0,05/11/2011,458
0,05/12/2011,542
0,05/13/2011,491
0,05/14/2011,425
0,05/15/2011,424
0,05/16/2011,439
0,05/17/2011,422
0,05/18/2011,421
0,05/19/2011,471
0,05/20/2011,468
0,05/21/2011,461
0,05/22/2011,432
0,05/23/2011,429
0,05/24/2011,486
0,05/25/2011,522
0,05/26/2011,596
0,05/27/2011,566
0,05/28/2011,510
0,05/29/2011,441
0,05/30/2011,492
0,05/31/2011,464
0,06/01/2011,506
0,06/02/2011,536
0,06/03/2011,502
0,06/04/2011,426
0,06/05/2011,451
0,06/06/2011,451
0,06/07/2011,405
0,06/08/2011,470
0,06/09/2011,534
0,06/10/2011,461
0,06/11/2011,456
0,06/12/2011,426
0,06/13/2011,449
0,06/14/2011,404
0,06/15/2011,456
0,06/16/2011,494
0,06/17/2011,488
0,06/18/2011,394
0,06/19/2011,433
0,06/20/2011,407
0,06/21/2011,436
0,06/22/2011,458
0,06/23/2011,507
0,06/24/2011,496
0,06/25/2011,410
0,06/26/2011,421
0,06/27/2011,473
0,06/28/2011,425
0,06/29/2011,439
0,06/30/2011,488
0,07/01/2011,461
0,07/02/2011,417
0,07/03/2011,427
0,07/04/2011,437
0,07/05/2011,423
0,07/06/2011,457
0,07/07/2011,492
0,07/08/2011,405
0,07/09/2011,442
0,07/10/2011,419
0,07/11/2011,455
0,07/12/2011,430
0,07/13/2011,429
0,07/14/2011,542
0,07/15/2011,483
0,07/16/2011,448
0,07/17/2011,428
0,07/18/2011,433
0,07/19/2011,463
0,07/20/2011,517
0,07/21/2011,482
0,07/22/2011,445
0,07/23/2011,409
0,07/24/2011,413
0,07/25/2011,373
0,07/26/2011,454
0,07/27/2011,429
0,07/28/2011,494
0,07/29/2011,460
0,07/30/2011,424
0,07/31/2011,416
0,08/01/2011,441
0,08/02/2011,423
0,08/03/2011,478
0,08/04/2011,447
0,08/05/2011,465
0,08/06/2011,411
0,08/07/2011,410
0,08/08/2011,416
0,08/09/2011,402
0,08/10/2011,483
0,08/11/2011,480
0,08/12/2011,448
0,08/13/2011,448
0,08/14/2011,394
0,08/15/2011,399
0,08/16/2011,401
0,08/17/2011,464
0,08/18/2011,507
0,08/19/2011,435
0,08/20/2011,401
0,08/21/2011,407
0,08/22/2011,390
0,08/23/2011,389
0,08/24/2011,440
0,08/25/2011,554
0,08/26/2011,440
0,08/27/2011,444
0,08/28/2011,428
0,08/29/2011,434
0,08/30/2011,438
0,08/31/2011,491
0,09/01/2011,555
0,09/02/2011,571
0,09/03/2011,447
0,09/04/2011,445
0,09/05/2011,435
0,09/06/2011,427
0,09/07/2011,489
0,09/08/2011,520
0,09/09/2011,437
0,09/10/2011,444
0,09/11/2011,403
0,09/12/2011,390
0,09/13/2011,436
0,09/14/2011,414
0,09/15/2011,482
0,09/16/2011,421
0,09/17/2011,389
0,09/18/2011,434
0,09/19/2011,405
0,09/20/2011,430
0,09/21/2011,426
0,09/22/2011,434
0,09/23/2011,414
0,09/24/2011,386
0,09/25/2011,361
0,09/26/2011,403
0,09/27/2011,418
0,09/28/2011,445
0,09/29/2011,491
0,09/30/2011,518
0,10/01/2011,447
0,10/02/2011,418
0,10/03/2011,422
0,10/04/2011,411
0,10/05/2011,423
0,10/06/2011,454
0,10/07/2011,422
0,10/08/2011,408
0,10/09/2011,402
0,10/10/2011,423
0,10/11/2011,411
0,10/12/2011,453
0,10/13/2011,465
0,10/14/2011,431
0,10/15/2011,405
0,10/16/2011,375
0,10/17/2011,403
0,10/18/2011,418
0,10/19/2011,467
0,10/20/2011,432
0,10/21/2011,394
0,10/22/2011,381
0,10/23/2011,407
0,10/24/2011,358
0,10/25/2011,399
0,10/26/2011,457
0,10/27/2011,475
0,10/28/2011,409
0,10/29/2011,435
0,10/30/2011,371
0,10/31/2011,338
0,11/01/2011,404
0,11/02/2011,438
0,11/03/2011,404
0,11/04/2011,423
0,11/05/2011,378
0,11/06/2011,367
0,11/07/2011,372
0,11/08/2011,395
0,11/09/2011,408
0,11/10/2011,408
0,11/11/2011,433
0,11/12/2011,422
0,11/13/2011,399
0,11/14/2011,338
0,11/15/2011,373
0,11/16/2011,377
0,11/17/2011,496
0,11/18/2011,440
0,11/19/2011,424
0,11/20/2011,416
0,11/21/2011,366
0,11/22/2011,383
0,11/23/2011,447
0,11/24/2011,454
0,11/25/2011,452
0,11/26/2011,381
0,11/27/2011,402
0,11/28/2011,383
0,11/29/2011,391
0,11/30/2011,393
0,12/01/2011,395
0,12/02/2011,393
0,12/03/2011,376
0,12/04/2011,398
0,12/05/2011,379
0,12/06/2011,410
0,12/07/2011,403
0,12/08/2011,456
0,12/09/2011,479
0,12/10/2011,394
0,12/11/2011,421
0,12/12/2011,382
0,12/13/2011,392
0,12/14/2011,424
0,12/15/2011,440
0,12/16/2011,430
0,12/17/2011,474
0,12/18/2011,444
0,12/19/2011,417
0,12/20/2011,437
0,12/21/2011,494
0,12/22/2011,625
0,12/23/2011,468
0,12/24/2011,481
0,12/25/2011,415
0,12/26/2011,457
0,12/27/2011,486
0,12/28/2011,537
0,12/29/2011,597
0,12/30/2011,523
0,12/31/2011,530
0,01/01/2012,514
0,01/02/2012,534
0,01/03/2012,513
0,01/04/2012,541
0,01/05/2012,610
0,01/06/2012,493
0,01/07/2012,515
0,01/08/2012,507
0,01/09/2012,515
0,01/10/2012,511
0,01/11/2012,564
0,01/12/2012,589
0,01/13/2012,742
0,01/14/2012,763
0,01/15/2012,755
0,01/16/2012,631
0,01/17/2012,561
0,01/18/2012,515
0,01/19/2012,562
0,01/20/2012,470
0,01/21/2012,475
0,01/22/2012,431
0,01/23/2012,441
0,01/24/2012,405
0,01/25/2012,482
0,01/26/2012,512
0,01/27/2012,512
0,01/28/2012,446
0,01/29/2012,367
0,01/30/2012,404
0,01/31/2012,397
0,02/01/2012,453
0,02/02/2012,458
0,02/03/2012,520
0,02/04/2012,439
0,02/05/2012,439
0,02/06/2012,430
0,02/07/2012,419
0,02/08/2012,407
0,02/09/2012,446
0,02/10/2012,414
0,02/11/2012,475
0,02/12/2012,423
0,02/13/2012,407
0,02/14/2012,406
0,02/15/2012,445
0,02/16/2012,470
0,02/17/2012,441
0,02/18/2012,446
0,02/19/2012,440
0,02/20/2012,418
0,02/21/2012,390
0,02/22/2012,441
0,02/23/2012,502
0,02/24/2012,506
0,02/25/2012,435
0,02/26/2012,406
0,02/27/2012,414
0,02/28/2012,401
0,02/29/2012,414
0,03/01/2012,439
0,03/02/2012,420
0,03/03/2012,385
0,03/04/2012,395
0,03/05/2012,359
0,03/06/2012,438
0,03/07/2012,428
0,03/08/2012,501
0,03/09/2012,431
0,03/10/2012,439
0,03/11/2012,424
0,03/12/2012,399
0,03/13/2012,416
0,03/14/2012,391
0,03/15/2012,467
0,03/16/2012,417
0,03/17/2012,427
0,03/18/2012,419
0,03/19/2012,434
0,03/20/2012,456
0,03/21/2012,402
0,03/22/2012,493
0,03/23/2012,480
0,03/24/2012,460
0,03/25/2012,467
0,03/26/2012,427
0,03/27/2012,460
0,03/28/2012,434
0,03/29/2012,458
0,03/30/2012,424
0,03/31/2012,425
0,04/01/2012,438
0,04/02/2012,415
0,04/03/2012,407
0,04/04/2012,447
0,04/05/2012,506
0,04/06/2012,438
0,04/07/2012,388
0,04/08/2012,427
0,04/09/2012,438
0,04/10/2012,403
0,04/11/2012,443
0,04/12/2012,466
0,04/13/2012,478
0,04/14/2012,426
0,04/15/2012,465
0,04/16/2012,392
0,04/17/2012,426
0,04/18/2012,422
0,04/19/2012,482
0,04/20/2012,435
0,04/21/2012,426
0,04/22/2012,438
0,04/23/2012,383
0,04/24/2012,416
0,04/25/2012,443
0,04/26/2012,474
0,04/27/2012,454
0,04/28/2012,455
0,04/29/2012,420
0,04/30/2012,403
0,05/01/2012,405
0,05/02/2012,500
0,05/03/2012,495
0,05/04/2012,474
0,05/05/2012,458
0,05/06/2012,449
0,05/07/2012,394
0,05/08/2012,456
0,05/09/2012,423
0,05/10/2012,483
0,05/11/2012,443
0,05/12/2012,437
0,05/13/2012,471
0,05/14/2012,465
0,05/15/2012,393
0,05/16/2012,496
0,05/17/2012,495
0,05/18/2012,433
0,05/19/2012,475
0,05/20/2012,447
0,05/21/2012,439
0,05/22/2012,407
0,05/23/2012,488
0,05/24/2012,488
0,05/25/2012,468
0,05/26/2012,403
0,05/27/2012,443
0,05/28/2012,457
0,05/29/2012,451
0,05/30/2012,484
0,05/31/2012,467
0,06/01/2012,513
0,06/02/2012,420
0,06/03/2012,420
0,06/04/2012,445
0,06/05/2012,423
0,06/06/2012,445
0,06/07/2012,481
0,06/08/2012,458
0,06/09/2012,472
0,06/10/2012,387
0,06/11/2012,433
0,06/12/2012,475
0,06/13/2012,524
0,06/14/2012,547
0,06/15/2012,492
0,06/16/2012,500
0,06/17/2012,453
0,06/18/2012,438
0,06/19/2012,491
0,06/20/2012,509
0,06/21/2012,556
0,06/22/2012,484
0,06/23/2012,452
0,06/24/2012,483
0,06/25/2012,430
0,06/26/2012,445
0,06/27/2012,476
0,06/28/2012,569
0,06/29/2012,531
0,06/30/2012,438
0,07/01/2012,475
0,07/02/2012,421
0,07/03/2012,447
0,07/04/2012,533
0,07/05/2012,532
0,07/06/2012,451
0,07/07/2012,442
0,07/08/2012,471
0,07/09/2012,452
0,07/10/2012,481
0,07/11/2012,464
0,07/12/2012,511
0,07/13/2012,502
0,07/14/2012,432
0,07/15/2012,459
0,07/16/2012,460
0,07/17/2012,458
0,07/18/2012,469
0,07/19/2012,493
0,07/20/2012,440
0,07/21/2012,428
0,07/22/2012,391
0,07/23/2012,379
0,07/24/2012,405
0,07/25/2012,380
0,07/26/2012,473
0,07/27/2012,491
0,07/28/2012,419
0,07/29/2012,362
0,07/30/2012,422
0,07/31/2012,437
0,08/01/2012,410
0,08/02/2012,506
0,08/03/2012,453
0,08/04/2012,449
0,08/05/2012,410
0,08/06/2012,430
0,08/07/2012,468
0,08/08/2012,410
0,08/09/2012,482
0,08/10/2012,443
0,08/11/2012,393
0,08/12/2012,412
0,08/13/2012,396
0,08/14/2012,395
0,08/15/2012,444
0,08/16/2012,513
0,08/17/2012,430
0,08/18/2012,381
0,08/19/2012,394
0,08/20/2012,453
0,08/21/2012,374
0,08/22/2012,445
0,08/23/2012,472
0,08/24/2012,419
0,08/25/2012,442
0,08/26/2012,408
0,08/27/2012,403
0,08/28/2012,435
0,08/29/2012,462
0,08/30/2012,459
0,08/31/2012,491
0,09/01/2012,370
0,09/02/2012,407
0,09/03/2012,442
0,09/04/2012,436
0,09/05/2012,438
0,09/06/2012,473
0,09/07/2012,449
0,09/08/2012,361
0,09/09/2012,416
0,09/10/2012,421
0,09/11/2012,450
0,09/12/2012,449
0,09/13/2012,502
0,09/14/2012,425
0,09/15/2012,395
0,09/16/2012,409
0,09/17/2012,417
0,09/18/2012,447
0,09/19/2012,407
0,09/20/2012,531
0,09/21/2012,412
0,09/22/2012,347
0,09/23/2012,432
0,09/24/2012,402
0,09/25/2012,446
0,09/26/2012,443
0,09/27/2012,478
0,09/28/2012,452
0,09/29/2012,468
0,09/30/2012,492
0,10/01/2012,453
0,10/02/2012,430
0,10/03/2012,445
0,10/04/2012,475
0,10/05/2012,462
0,10/06/2012,424
0,10/07/2012,454
0,10/08/2012,364
0,10/09/2012,456
0,10/10/2012,446
0,10/11/2012,455
0,10/12/2012,461
0,10/13/2012,441
0,10/14/2012,441
0,10/15/2012,432
0,10/16/2012,446
0,10/17/2012,448
0,10/18/2012,496
0,10/19/2012,496
0,10/20/2012,450
0,10/21/2012,396
0,10/22/2012,378
0,10/23/2012,386
0,10/24/2012,389
0,10/25/2012,464
0,10/26/2012,428
0,10/27/2012,410
0,10/28/2012,394
0,10/29/2012,424
0,10/30/2012,454
0,10/31/2012,440
0,11/01/2012,430
0,11/02/2012,460
0,11/03/2012,418
0,11/04/2012,432
0,11/05/2012,411
0,11/06/2012,425
0,11/07/2012,429
0,11/08/2012,406
0,11/09/2012,442
0,11/10/2012,407
0,11/11/2012,411
0,11/12/2012,359
0,11/13/2012,412
0,11/14/2012,396
0,11/15/2012,433
0,11/16/2012,416
0,11/17/2012,384
0,11/18/2012,380
0,11/19/2012,378
0,11/20/2012,387
0,11/21/2012,408
0,11/22/2012,439
0,11/23/2012,393
0,11/24/2012,390
0,11/25/2012,384
0,11/26/2012,380
0,11/27/2012,405
0,11/28/2012,431
0,11/29/2012,411
0,11/30/2012,467
0,12/01/2012,381
0,12/02/2012,351
0,12/03/2012,402
0,12/04/2012,427
0,12/05/2012,487
0,12/06/2012,496
0,12/07/2012,467
0,12/08/2012,417
0,12/09/2012,399
0,12/10/2012,440
0,12/11/2012,452
0,12/12/2012,453
0,12/13/2012,435
0,12/14/2012,380
0,12/15/2012,430
0,12/16/2012,432
0,12/17/2012,402
0,12/18/2012,415
0,12/19/2012,478
0,12/20/2012,434
0,12/21/2012,430
0,12/22/2012,419
0,12/23/2012,391
0,12/24/2012,413
0,12/25/2012,411
0,12/26/2012,434
0,12/27/2012,445
0,12/28/2012,461
0,12/29/2012,406
0,12/30/2012,371
0,12/31/2012,421
0,01/01/2013,437
0,01/02/2013,456
0,01/03/2013,437
0,01/04/2013,454
0,01/05/2013,399
0,01/06/2013,375
0,01/07/2013,354
0,01/08/2013,395
0,01/09/2013,407
0,01/10/2013,450
0,01/11/2013,425
0,01/12/2013,441
0,01/13/2013,401
0,01/14/2013,406
0,01/15/2013,440
0,01/16/2013,467
0,01/17/2013,483
0,01/18/2013,454
0,01/19/2013,420
0,01/20/2013,394
0,01/21/2013,391
0,01/22/2013,426
0,01/23/2013,450
0,01/24/2013,510
0,01/25/2013,456
0,01/26/2013,443
0,01/27/2013,417
0,01/28/2013,440
0,01/29/2013,463
0,01/30/2013,469
0,01/31/2013,634
0,02/01/2013,731
0,02/02/2013,681
0,02/03/2013,587
0,02/04/2013,529
0,02/05/2013,406
0,02/06/2013,491
0,02/07/2013,531
0,02/08/2013,429
0,02/09/2013,476
0,02/10/2013,415
0,02/11/2013,424
0,02/12/2013,399
0,02/13/2013,440
0,02/14/2013,464
0,02/15/2013,436
0,02/16/2013,461
0,02/17/2013,440
0,02/18/2013,400
0,02/19/2013,473
0,02/20/2013,428
0,02/21/2013,432
0,02/22/2013,464
0,02/23/2013,423
0,02/24/2013,377
0,02/25/2013,406
0,02/26/2013,415
0,02/27/2013,477
0,02/28/2013,492
0,03/01/2013,428
0,03/02/2013,418
0,03/03/2013,411
0,03/04/2013,348
0,03/05/2013,437
0,03/06/2013,477
0,03/07/2013,465
0,03/08/2013,461
0,03/09/2013,472
0,03/10/2013,444
0,03/11/2013,434
0,03/12/2013,463
0,03/13/2013,418
0,03/14/2013,496
0,03/15/2013,379
0,03/16/2013,422
0,03/17/2013,383
0,03/18/2013,394
0,03/19/2013,425
0,03/20/2013,448
0,03/21/2013,463
0,03/22/2013,401
0,03/23/2013,384
0,03/24/2013,439
0,03/25/2013,452
0,03/26/2013,385
0,03/27/2013,404
0,03/28/2013,465
0,03/29/2013,442
0,03/30/2013,395
0,03/31/2013,402
0,04/01/2013,383
0,04/02/2013,391
0,04/03/2013,420
0,04/04/2013,458
0,04/05/2013,461
0,04/06/2013,392
0,04/07/2013,429
0,04/08/2013,454
0,04/09/2013,419
0,04/10/2013,487
0,04/11/2013,471
0,04/12/2013,493
0,04/13/2013,448
0,04/14/2013,397
0,04/15/2013,419
0,04/16/2013,419
0,04/17/2013,448
0,04/18/2013,518
0,04/19/2013,482
0,04/20/2013,457
0,04/21/2013,379
0,04/22/2013,338
0,04/23/2013,469
0,04/24/2013,414
0,04/25/2013,460
0,04/26/2013,457
0,04/27/2013,415
0,04/28/2013,436
0,04/29/2013,404
0,04/30/2013,443
0,05/01/2013,415
0,05/02/2013,443
0,05/03/2013,452
0,05/04/2013,448
0,05/05/2013,461
0,05/06/2013,415
0,05/07/2013,435
0,05/08/2013,507
0,05/09/2013,509
0,05/10/2013,484
0,05/11/2013,430
0,05/12/2013,430
0,05/13/2013,424
0,05/14/2013,447
0,05/15/2013,432
0,05/16/2013,512
0,05/17/2013,478
0,05/18/2013,465
0,05/19/2013,447
0,05/20/2013,409
0,05/21/2013,475
0,05/22/2013,448
0,05/23/2013,501
0,05/24/2013,453
0,05/25/2013,400
0,05/26/2013,431
0,05/27/2013,453
0,05/28/2013,467
0,05/29/2013,469
0,05/30/2013,527
0,05/31/2013,499
0,06/01/2013,487
0,06/02/2013,473
0,06/03/2013,427
0,06/04/2013,481
0,06/05/2013,444
0,06/06/2013,541
0,06/07/2013,493
0,06/08/2013,443
0,06/09/2013,423
0,06/10/2013,434
0,06/11/2013,485
0,06/12/2013,499
0,06/13/2013,474
0,06/14/2013,483
0,06/15/2013,458
0,06/16/2013,460
0,06/17/2013,455
0,06/18/2013,412
0,06/19/2013,447
0,06/20/2013,538
0,06/21/2013,436
0,06/22/2013,493
0,06/23/2013,423
0,06/24/2013,440
0,06/25/2013,470
0,06/26/2013,462
0,06/27/2013,534
0,06/28/2013,444
0,06/29/2013,484
0,06/30/2013,446
0,07/01/2013,407
0,07/02/2013,462
0,07/03/2013,423
0,07/04/2013,523
0,07/05/2013,475
0,07/06/2013,453
0,07/07/2013,442
0,07/08/2013,426
0,07/09/2013,462
0,07/10/2013,518
0,07/11/2013,491
0,07/12/2013,457
0,07/13/2013,461
0,07/14/2013,463
0,07/15/2013,413
0,07/16/2013,451
0,07/17/2013,447
0,07/18/2013,481
0,07/19/2013,438
0,07/20/2013,396
0,07/21/2013,427
0,07/22/2013,424
0,07/23/2013,416
0,07/24/2013,485
0,07/25/2013,494
0,07/26/2013,471
0,07/27/2013,465
0,07/28/2013,418
0,07/29/2013,402
0,07/30/2013,439
0,07/31/2013,485
0,08/01/2013,491
0,08/02/2013,499
0,08/03/2013,481
0,08/04/2013,439
0,08/05/2013,413
0,08/06/2013,419
0,08/07/2013,468
0,08/08/2013,458
0,08/09/2013,442
0,08/10/2013,444
0,08/11/2013,399
0,08/12/2013,397
0,08/13/2013,415
0,08/14/2013,482
0,08/15/2013,501
0,08/16/2013,467
0,08/17/2013,426
0,08/18/2013,428
0,08/19/2013,381
0,08/20/2013,379
0,08/21/2013,409
0,08/22/2013,448
0,08/23/2013,415
0,08/24/2013,362
0,08/25/2013,413
0,08/26/2013,400
0,08/27/2013,428
0,08/28/2013,497
0,08/29/2013,509
0,08/30/2013,440
0,08/31/2013,473
0,09/01/2013,425
0,09/02/2013,424
0,09/03/2013,451
0,09/04/2013,468
0,09/05/2013,497
0,09/06/2013,501
0,09/07/2013,438
0,09/08/2013,410
0,09/09/2013,418
0,09/10/2013,467
0,09/11/2013,388
0,09/12/2013,490
0,09/13/2013,400
0,09/14/2013,445
0,09/15/2013,423
0,09/16/2013,417
0,09/17/2013,437
0,09/18/2013,439
0,09/19/2013,443
0,09/20/2013,428
0,09/21/2013,428
0,09/22/2013,412
0,09/23/2013,401
0,09/24/2013,397
0,09/25/2013,416
0,09/26/2013,450
0,09/27/2013,399
0,09/28/2013,419
0,09/29/2013,468
0,09/30/2013,455
0,10/01/2013,464
0,10/02/2013,432
0,10/03/2013,490
0,10/04/2013,445
0,10/05/2013,395
0,10/06/2013,335
0,10/07/2013,422
0,10/08/2013,394
0,10/09/2013,428
0,10/10/2013,435
0,10/11/2013,449
0,10/12/2013,416
0,10/13/2013,371
0,10/14/2013,361
0,10/15/2013,393
0,10/16/2013,407
0,10/17/2013,434
0,10/18/2013,395
0,10/19/2013,371
0,10/20/2013,393
0,10/21/2013,408
0,10/22/2013,441
0,10/23/2013,469
0,10/24/2013,443
0,10/25/2013,434
0,10/26/2013,421
0,10/27/2013,401
0,10/28/2013,403
0,10/29/2013,443
0,10/30/2013,432
0,10/31/2013,481
0,11/01/2013,381
0,11/02/2013,411
0,11/03/2013,389
0,11/04/2013,397
0,11/05/2013,396
0,11/06/2013,372
0,11/07/2013,410
0,11/08/2013,388
0,11/09/2013,377
0,11/10/2013,366
0,11/11/2013,391
0,11/12/2013,412
0,11/13/2013,406
0,11/14/2013,420
0,11/15/2013,413
0,11/16/2013,384
0,11/17/2013,395
0,11/18/2013,353
0,11/19/2013,368
0,11/20/2013,370
0,11/21/2013,461
0,11/22/2013,389
0,11/23/2013,381
0,11/24/2013,398
0,11/25/2013,420
0,11/26/2013,367
0,11/27/2013,405
0,11/28/2013,415
0,11/29/2013,484
0,11/30/2013,420
0,12/01/2013,341
0,12/02/2013,367
0,12/03/2013,413
0,12/04/2013,391
0,12/05/2013,431
0,12/06/2013,439
0,12/07/2013,351
0,12/08/2013,369
0,12/09/2013,363
0,12/10/2013,371
0,12/11/2013,354
0,12/12/2013,433
0,12/13/2013,398
0,12/14/2013,375
0,12/15/2013,351
0,12/16/2013,389
0,12/17/2013,361
0,12/18/2013,384
0,12/19/2013,391
0,12/20/2013,379
0,12/21/2013,448
0,12/22/2013,463
0,12/23/2013,422
0,12/24/2013,443
0,12/25/2013,410
0,12/26/2013,462
0,12/27/2013,440
0,12/28/2013,461
0,12/29/2013,424
0,12/30/2013,411
0,12/31/2013,413
0,01/01/2014,469
0,01/02/2014,484
0,01/03/2014,444
0,01/04/2014,432
0,01/05/2014,404
0,01/06/2014,421
0,01/07/2014,437
0,01/08/2014,450
0,01/09/2014,516
0,01/10/2014,471
0,01/11/2014,413
0,01/12/2014,413
0,01/13/2014,413
0,01/14/2014,456
0,01/15/2014,449
0,01/16/2014,513
0,01/17/2014,525
0,01/18/2014,455
0,01/19/2014,510
0,01/20/2014,560
0,01/21/2014,777
0,01/22/2014,807
0,01/23/2014,809
0,01/24/2014,676
0,01/25/2014,540
0,01/26/2014,419
0,01/27/2014,456
0,01/28/2014,452
0,01/29/2014,436
0,01/30/2014,473
0,01/31/2014,460
0,02/01/2014,369
0,02/02/2014,418
0,02/03/2014,396
0,02/04/2014,361
0,02/05/2014,423
0,02/06/2014,481
0,02/07/2014,452
0,02/08/2014,453
0,02/09/2014,370
0,02/10/2014,380
0,02/11/2014,435
0,02/12/2014,457
0,02/13/2014,523
0,02/14/2014,500
0,02/15/2014,479
0,02/16/2014,480
0,02/17/2014,466
0,02/18/2014,420
0,02/19/2014,523
0,02/20/2014,511
0,02/21/2014,482
0,02/22/2014,413
0,02/23/2014,413
0,02/24/2014,400
0,02/25/2014,387
0,02/26/2014,428
0,02/27/2014,480
0,02/28/2014,472
0,03/01/2014,449
0,03/02/2014,423
0,03/03/2014,387
0,03/04/2014,417
0,03/05/2014,458
0,03/06/2014,487
0,03/07/2014,469
0,03/08/2014,480
0,03/09/2014,493
0,03/10/2014,454
0,03/11/2014,412
0,03/12/2014,436
0,03/13/2014,523
0,03/14/2014,501
0,03/15/2014,450
0,03/16/2014,501
0,03/17/2014,413
0,03/18/2014,512
0,03/19/2014,525
0,03/20/2014,547
0,03/21/2014,535
0,03/22/2014,408
0,03/23/2014,424
0,03/24/2014,492
0,03/25/2014,444
0,03/26/2014,469
0,03/27/2014,556
0,03/28/2014,439
0,03/29/2014,407
0,03/30/2014,442
0,03/31/2014,446
0,04/01/2014,462
0,04/02/2014,461
0,04/03/2014,508
0,04/04/2014,475
0,04/05/2014,485
0,04/06/2014,480
0,04/07/2014,438
0,04/08/2014,415
0,04/09/2014,483
0,04/10/2014,481
0,04/11/2014,456
0,04/12/2014,444
0,04/13/2014,417
0,04/14/2014,411
0,04/15/2014,441
0,04/16/2014,434
0,04/17/2014,509
0,04/18/2014,421
0,04/19/2014,389
0,04/20/2014,444
0,04/21/2014,392
0,04/22/2014,440
0,04/23/2014,462
0,04/24/2014,482
0,04/25/2014,471
0,04/26/2014,398
0,04/27/2014,410
0,04/28/2014,420
0,04/29/2014,441
0,04/30/2014,440
0,05/01/2014,536
0,05/02/2014,528
0,05/03/2014,446
0,05/04/2014,442
0,05/05/2014,484
0,05/06/2014,447
0,05/07/2014,503
0,05/08/2014,578
0,05/09/2014,507
0,05/10/2014,422
0,05/11/2014,374
0,05/12/2014,419
0,05/13/2014,457
0,05/14/2014,478
0,05/15/2014,503
0,05/16/2014,484
0,05/17/2014,416
0,05/18/2014,462
0,05/19/2014,412
0,05/20/2014,480
0,05/21/2014,530
0,05/22/2014,560
0,05/23/2014,548
0,05/24/2014,544
0,05/25/2014,517
0,05/26/2014,490
0,05/27/2014,433
0,05/28/2014,502
0,05/29/2014,547
0,05/30/2014,505
0,05/31/2014,440
0,06/01/2014,412
0,06/02/2014,453
0,06/03/2014,490
0,06/04/2014,471
0,06/05/2014,571
0,06/06/2014,477
0,06/07/2014,442
0,06/08/2014,419
0,06/09/2014,440
0,06/10/2014,454
0,06/11/2014,484
0,06/12/2014,533
0,06/13/2014,467
0,06/14/2014,442
0,06/15/2014,429
0,06/16/2014,482
0,06/17/2014,477
0,06/18/2014,501
0,06/19/2014,546
0,06/20/2014,446
0,06/21/2014,388
0,06/22/2014,450
0,06/23/2014,467
0,06/24/2014,487
0,06/25/2014,455
0,06/26/2014,488
0,06/27/2014,499
0,06/28/2014,436
0,06/29/2014,465
0,06/30/2014,443
0,07/01/2014,428
0,07/02/2014,480
0,07/03/2014,536
0,07/04/2014,511
0,07/05/2014,453
0,07/06/2014,462
0,07/07/2014,452
0,07/08/2014,486
0,07/09/2014,443
0,07/10/2014,522
0,07/11/2014,446
0,07/12/2014,427
0,07/13/2014,505
0,07/14/2014,459
0,07/15/2014,477
0,07/16/2014,454
0,07/17/2014,438
0,07/18/2014,460
0,07/19/2014,405
0,07/20/2014,383
0,07/21/2014,391
0,07/22/2014,392
0,07/23/2014,439
0,07/24/2014,536
0,07/25/2014,444
0,07/26/2014,400
0,07/27/2014,474
0,07/28/2014,427
0,07/29/2014,451
0,07/30/2014,460
0,07/31/2014,451
0,08/01/2014,458
0,08/02/2014,461
0,08/03/2014,438
0,08/04/2014,437
0,08/05/2014,450
0,08/06/2014,459
0,08/07/2014,521
0,08/08/2014,503
0,08/09/2014,415
0,08/10/2014,428
0,08/11/2014,391
0,08/12/2014,404
0,08/13/2014,486
0,08/14/2014,475
0,08/15/2014,463
0,08/16/2014,445
0,08/17/2014,452
0,08/18/2014,458
0,08/19/2014,445
0,08/20/2014,448
0,08/21/2014,501
0,08/22/2014,425
0,08/23/2014,433
0,08/24/2014,450
0,08/25/2014,527
0,08/26/2014,451
0,08/27/2014,486
0,08/28/2014,533
0,08/29/2014,603
0,08/30/2014,429
0,08/31/2014,415
0,09/01/2014,428
0,09/02/2014,463
0,09/03/2014,497
0,09/04/2014,504
0,09/05/2014,495
0,09/06/2014,424
0,09/07/2014,491
0,09/08/2014,429
0,09/09/2014,468
0,09/10/2014,457
0,09/11/2014,531
0,09/12/2014,467
0,09/13/2014,443
0,09/14/2014,458
0,09/15/2014,400
0,09/16/2014,434
0,09/17/2014,445
0,09/18/2014,514
0,09/19/2014,517
0,09/20/2014,446
0,09/21/2014,418
0,09/22/2014,409
0,09/23/2014,444
0,09/24/2014,421
0,09/25/2014,493
0,09/26/2014,454
0,09/27/2014,384
0,09/28/2014,392
0,09/29/2014,451
0,09/30/2014,431
0,10/01/2014,438
0,10/02/2014,486
0,10/03/2014,453
0,10/04/2014,442
0,10/05/2014,397
0,10/06/2014,386
0,10/07/2014,413
0,10/08/2014,476
0,10/09/2014,491
0,10/10/2014,458
0,10/11/2014,442
0,10/12/2014,389
0,10/13/2014,383
0,10/14/2014,435
0,10/15/2014,443
0,10/16/2014,524
0,10/17/2014,438
0,10/18/2014,376
0,10/19/2014,396
0,10/20/2014,395
0,10/21/2014,377
0,10/22/2014,415
0,10/23/2014,417
0,10/24/2014,440
0,10/25/2014,403
0,10/26/2014,375
0,10/27/2014,383
0,10/28/2014,360
0,10/29/2014,421
0,10/30/2014,408
0,10/31/2014,431
0,11/01/2014,381
0,11/02/2014,357
0,11/03/2014,338
0,11/04/2014,374
0,11/05/2014,412
0,11/06/2014,438
0,11/07/2014,417
0,11/08/2014,382
0,11/09/2014,358
0,11/10/2014,357
0,11/11/2014,401
0,11/12/2014,430
0,11/13/2014,461
0,11/14/2014,405
0,11/15/2014,410
0,11/16/2014,379
0,11/17/2014,389
0,11/18/2014,428
0,11/19/2014,368
0,11/20/2014,492
0,11/21/2014,362
0,11/22/2014,363
0,11/23/2014,362
0,11/24/2014,350
0,11/25/2014,344
0,11/26/2014,418
0,11/27/2014,416
0,11/28/2014,374
0,11/29/2014,337
0,11/30/2014,377
0,12/01/2014,352
0,12/02/2014,350
0,12/03/2014,378
0,12/04/2014,421
0,12/05/2014,422
0,12/06/2014,330
0,12/07/2014,344
0,12/08/2014,367
0,12/09/2014,391
0,12/10/2014,367
0,12/11/2014,427
0,12/12/2014,374
0,12/13/2014,382
0,12/14/2014,375
0,12/15/2014,379
0,12/16/2014,393
0,12/17/2014,424
0,12/18/2014,428
0,12/19/2014,416
0,12/20/2014,428
0,12/21/2014,458
0,12/22/2014,487
0,12/23/2014,433
0,12/24/2014,422
0,12/25/2014,509
0,12/26/2014,450
0,12/27/2014,443
0,12/28/2014,406
0,12/29/2014,432
0,12/30/2014,406
0,12/31/2014,429
0,01/01/2015,490
0,01/02/2015,432
0,01/03/2015,416
0,01/04/2015,467
0,01/05/2015,408
0,01/06/2015,462
0,01/07/2015,404
0,01/08/2015,508
0,01/09/2015,459
0,01/10/2015,430
0,01/11/2015,362
0,01/12/2015,392
0,01/13/2015,467
0,01/14/2015,465
0,01/15/2015,444
0,01/16/2015,465
0,01/17/2015,467
0,01/18/2015,455
0,01/19/2015,455
0,01/20/2015,467
0,01/21/2015,478
0,01/22/2015,496
0,01/23/2015,472
0,01/24/2015,481
0,01/25/2015,429
0,01/26/2015,371
0,01/27/2015,435
0,01/28/2015,478
0,01/29/2015,471
0,01/30/2015,456
0,01/31/2015,440
0,02/01/2015,468
0,02/02/2015,417
0,02/03/2015,416
0,02/04/2015,486
0,02/05/2015,561
0,02/06/2015,530
0,02/07/2015,494
0,02/08/2015,496
0,02/09/2015,727
0,02/10/2015,800
0,02/11/2015,818
0,02/12/2015,692
0,02/13/2015,558
0,02/14/2015,455
0,02/15/2015,441
0,02/16/2015,450
0,02/17/2015,485
0,02/18/2015,497
0,02/19/2015,534
0,02/20/2015,470
0,02/21/2015,505
0,02/22/2015,453
0,02/23/2015,418
0,02/24/2015,409
0,02/25/2015,446
0,02/26/2015,519
0,02/27/2015,483
0,02/28/2015,428
0,03/01/2015,384
0,03/02/2015,421
0,03/03/2015,483
0,03/04/2015,447
0,03/05/2015,540
0,03/06/2015,502
0,03/07/2015,458
0,03/08/2015,436
0,03/09/2015,430
0,03/10/2015,514
0,03/11/2015,440
0,03/12/2015,566
0,03/13/2015,507
0,03/14/2015,418
0,03/15/2015,429
0,03/16/2015,414
0,03/17/2015,408
0,03/18/2015,397
0,03/19/2015,480
0,03/20/2015,500
0,03/21/2015,476
0,03/22/2015,486
0,03/23/2015,414
0,03/24/2015,534
0,03/25/2015,533
0,03/26/2015,530
0,03/27/2015,557
0,03/28/2015,464
0,03/29/2015,432
0,03/30/2015,403
0,03/31/2015,467
0,04/01/2015,445
0,04/02/2015,480
0,04/03/2015,462
0,04/04/2015,436
0,04/05/2015,422
0,04/06/2015,423
0,04/07/2015,429
0,04/08/2015,453
0,04/09/2015,538
0,04/10/2015,480
0,04/11/2015,458
0,04/12/2015,461
0,04/13/2015,450
0,04/14/2015,440
0,04/15/2015,516
0,04/16/2015,563
0,04/17/2015,491
0,04/18/2015,483
0,04/19/2015,461
0,04/20/2015,457
0,04/21/2015,502
0,04/22/2015,436
0,04/23/2015,523
0,04/24/2015,496
0,04/25/2015,444
0,04/26/2015,430
0,04/27/2015,461
0,04/28/2015,435
0,04/29/2015,475
0,04/30/2015,548
0,05/01/2015,519
0,05/02/2015,453
0,05/03/2015,474
0,05/04/2015,442
0,05/05/2015,478
0,05/06/2015,505
0,05/07/2015,560
0,05/08/2015,561
0,05/09/2015,501
0,05/10/2015,442
0,05/11/2015,434
0,05/12/2015,484
0,05/13/2015,488
0,05/14/2015,488
0,05/15/2015,500
0,05/16/2015,471
0,05/17/2015,475
0,05/18/2015,507
0,05/19/2015,511
0,05/20/2015,538
0,05/21/2015,583
0,05/22/2015,492
0,05/23/2015,588
0,05/24/2015,463
0,05/25/2015,491
0,05/26/2015,479
0,05/27/2015,532
0,05/28/2015,549
0,05/29/2015,519
0,05/30/2015,474
0,05/31/2015,489
0,06/01/2015,512
0,06/02/2015,493
0,06/03/2015,490
0,06/04/2015,572
0,06/05/2015,528
0,06/06/2015,484
0,06/07/2015,485
0,06/08/2015,474
0,06/09/2015,548
0,06/10/2015,538
0,06/11/2015,603
0,06/12/2015,555
0,06/13/2015,499
0,06/14/2015,508
0,06/15/2015,425
0,06/16/2015,481
0,06/17/2015,506
0,06/18/2015,529
0,06/19/2015,436
0,06/20/2015,388
0,06/21/2015,436
0,06/22/2015,394
0,06/23/2015,378
0,06/24/2015,411
0,06/25/2015,429
0,06/26/2015,397
0,06/27/2015,385
0,06/28/2015,381
0,06/29/2015,387
0,06/30/2015,457
0,07/01/2015,438
0,07/02/2015,513
0,07/03/2015,498
0,07/04/2015,442
0,07/05/2015,416
0,07/06/2015,408
0,07/07/2015,418
0,07/08/2015,431
0,07/09/2015,454
0,07/10/2015,434
0,07/11/2015,390
0,07/12/2015,421
0,07/13/2015,426
0,07/14/2015,427
0,07/15/2015,433
0,07/16/2015,474
0,07/17/2015,417
0,07/18/2015,410
0,07/19/2015,416
0,07/20/2015,398
0,07/21/2015,418
0,07/22/2015,410
0,07/23/2015,487
0,07/24/2015,443
0,07/25/2015,486
0,07/26/2015,417
0,07/27/2015,425
0,07/28/2015,448
0,07/29/2015,453
0,07/30/2015,562
0,07/31/2015,492
0,08/01/2015,435
0,08/02/2015,424
0,08/03/2015,385
0,08/04/2015,467
0,08/05/2015,478
0,08/06/2015,485
0,08/07/2015,428
0,08/08/2015,393
0,08/09/2015,412
0,08/10/2015,417
0,08/11/2015,420
0,08/12/2015,453
0,08/13/2015,507
0,08/14/2015,438
0,08/15/2015,438
0,08/16/2015,445
0,08/17/2015,396
0,08/18/2015,409
0,08/19/2015,417
0,08/20/2015,469
0,08/21/2015,423
0,08/22/2015,419
0,08/23/2015,389
0,08/24/2015,403
0,08/25/2015,399
0,08/26/2015,455
0,08/27/2015,550
0,08/28/2015,423
0,08/29/2015,458
0,08/30/2015,414
0,08/31/2015,415
0,09/01/2015,441
0,09/02/2015,428
0,09/03/2015,506
0,09/04/2015,471
0,09/05/2015,440
0,09/06/2015,429
0,09/07/2015,434
0,09/08/2015,417
0,09/09/2015,481
0,09/10/2015,510
0,09/11/2015,413
0,09/12/2015,435
0,09/13/2015,452
0,09/14/2015,444
0,09/15/2015,466
0,09/16/2015,444
0,09/17/2015,544
0,09/18/2015,508
0,09/19/2015,624
0,09/20/2015,513
0,09/21/2015,509
0,09/22/2015,467
0,09/23/2015,500
0,09/24/2015,539
0,09/25/2015,461
0,09/26/2015,452
0,09/27/2015,445
0,09/28/2015,457
0,09/29/2015,482
0,09/30/2015,455
0,10/01/2015,489
0,10/02/2015,416
0,10/03/2015,398
0,10/04/2015,418
0,10/05/2015,418
0,10/06/2015,457
0,10/07/2015,474
0,10/08/2015,463
0,10/09/2015,489
0,10/10/2015,403
0,10/11/2015,404
0,10/12/2015,451
0,10/13/2015,400
0,10/14/2015,445
0,10/15/2015,449
0,10/16/2015,464
0,10/17/2015,431
0,10/18/2015,439
0,10/19/2015,419
0,10/20/2015,397
0,10/21/2015,461
0,10/22/2015,481
0,10/23/2015,388
0,10/24/2015,420
0,10/25/2015,409
0,10/26/2015,466
0,10/27/2015,420
0,10/28/2015,461
0,10/29/2015,489
0,10/30/2015,463
0,10/31/2015,445
0,11/01/2015,459
0,11/02/2015,421
0,11/03/2015,439
0,11/04/2015,438
0,11/05/2015,548
0,11/06/2015,496
0,11/07/2015,477
0,11/08/2015,493
0,11/09/2015,458
0,11/10/2015,461
0,11/11/2015,465
0,11/12/2015,495
0,11/13/2015,488
0,11/14/2015,417
0,11/15/2015,411
0,11/16/2015,411
0,11/17/2015,441
0,11/18/2015,433
0,11/19/2015,428
0,11/20/2015,486
0,11/21/2015,392
0,11/22/2015,415
0,11/23/2015,401
0,11/24/2015,398
0,11/25/2015,443
0,11/26/2015,455
0,11/27/2015,432
0,11/28/2015,447
0,11/29/2015,453
0,11/30/2015,422
0,12/01/2015,373
0,12/02/2015,400
0,12/03/2015,472
0,12/04/2015,473
0,12/05/2015,415
0,12/06/2015,367
0,12/07/2015,382
0,12/08/2015,383
0,12/09/2015,448
0,12/10/2015,467
0,12/11/2015,454
0,12/12/2015,418
0,12/13/2015,436
0,12/14/2015,416
0,12/15/2015,440
0,12/16/2015,424
0,12/17/2015,503
0,12/18/2015,444
0,12/19/2015,438
0,12/20/2015,471
0,12/21/2015,452
